{"minzoom":0,"maxzoom":8,"center":[31.640625,-13.238984,8.0],"bounds":[21.980038,-18.079192,33.712438,-8.271992]}