{"minzoom":0,"maxzoom":9,"center":[31.992188,-12.897255,9.0],"bounds":[21.980038,-18.079192,33.712438,-8.271992]}